experiment_id	description	val_pearson_r	val_mae	loo_r	test_r	n_features	selected	notes
exp_001	Lasso k=2 baseline	0.660446	0.554409	0.697966	-0.490217	2	E2_chem_shape, E4_bio_pocket_polarity	baseline
exp_002	Lasso k=3	0.660436	0.554412	0.674180	-0.490214	3	E2_chem_shape, E4_bio_resolution_weight, E4_bio_pocket_polarity	k=3
exp_003	Lasso k=4	0.730762	0.543105	0.655273	-0.314690	4	E2_chem_shape, E4_bio_pocket_druggability, E4_bio_resolution_weight, E4_bio_pocket_polarity	k=4
exp_004	Lasso k=5	0.713971	0.535505	0.626761	-0.400957	5	E2_chem_shape, E4_bio_pocket_druggability, E4_bio_resolution_weight, E4_bio_pocket_polarity, E4_bio_size_penalty	k=5
exp_005	Lasso k=6	0.688099	0.505275	0.685466	-0.197706	6	E2_chem_shape, E4_bio_pocket_druggability, E4_bio_resolution_weight, E4_bio_family_hydrophobic, E4_bio_pocket_polarity, E4_bio_size_penalty	k=6
exp_006	Lasso k=2 + VQE	-0.726911	0.695389	-0.173215	-0.290352	2		k=2+VQE
exp_007	Lasso k=2 + VQE	-0.723802	0.694412	-0.173207	-0.292254	2		k=2+VQE
exp_008	Lasso k=2 + VQE	-0.726134	0.695057	-0.173504	-0.291038	2		k=2+VQE
exp_009	Lasso k=2 + VQE	-0.721307	0.693898	-0.172922	-0.288066	2		k=2+VQE
exp_010	Lasso k=2 + VQE	-0.760111	0.723540	-0.221762	-0.269728	2		k=2+VQE
exp_011	Lasso k=2 + VQE	-0.725765	0.694788	-0.173104	-0.294877	2		k=2+VQE
exp_012	Lasso k=2 + VQE	-0.717434	0.706584	-0.022202	-0.292778	2		k=2+VQE
exp_013	Lasso k=2 + VQE	-0.717434	0.706584	-0.022202	-0.292778	2		k=2+VQE
exp_014	Lasso k=2 + VQE	-0.726860	0.708424	-0.102751	-0.295185	2		k=2+VQE
exp_015	Lasso k=2 + VQE	-0.717434	0.706584	-0.022202	-0.292778	2		k=2+VQE
exp_016	Lasso k=2 + VQE	-0.717434	0.706584	-0.022202	-0.292778	2		k=2+VQE
exp_017	Lasso k=2 + VQE	-0.796821	0.731193	-0.107057	-0.336724	2		k=2+VQE
exp_018	Lasso k=2 + VQE	0.686456	0.572021	0.142169	-0.507044	2		k=2+VQE
exp_019	Lasso k=2 + VQE	-0.717434	0.706584	-0.022202	-0.292778	2		k=2+VQE
exp_020	Lasso k=2 + VQE	-0.704986	0.842792	0.136556	0.942794	2		k=2+VQE
exp_021	Lasso k=2 + VQE	-0.708380	0.709127	-0.084998	-0.309240	2		k=2+VQE
exp_022	Lasso k=2 + VQE	-0.015790	0.627324	0.314202	0.342413	2		k=2+VQE
exp_023	Lasso k=2 + VQE	-0.740628	0.787542	0.292572	-0.395876	2		k=2+VQE
exp_024	Lasso k=2 + VQE	-0.717434	0.745681	0.273862	-0.292778	2		k=2+VQE
exp_025	Lasso k=2 + VQE	-0.717434	0.752745	0.074936	-0.292778	2		k=2+VQE
exp_026	Lasso k=2 + VQE	-0.048144	0.648010	0.818868	-0.305956	2		k=2+VQE
exp_027	Lasso k=2 + VQE	-0.717434	0.762070	0.340384	0.771892	2		k=2+VQE
exp_028	Lasso k=2 + VQE	-0.514860	0.709053	-0.275200	0.840851	2		k=2+VQE
exp_029	Lasso k=3 + VQE	-0.723802	0.694413	-0.173391	-0.292254	3		k=3+VQE
exp_030	Lasso k=3 + VQE	-0.726134	0.695058	-0.173491	-0.291038	3		k=3+VQE
exp_031	Lasso k=3 + VQE	-0.726911	0.695389	-0.173217	-0.290352	3		k=3+VQE
exp_032	Lasso k=3 + VQE	-0.726911	0.695389	-0.283193	-0.290352	3		k=3+VQE
exp_033	Lasso k=3 + VQE	-0.725764	0.694789	-0.173677	-0.294877	3		k=3+VQE
exp_034	Lasso k=3 + VQE	-0.726911	0.695389	-0.173215	-0.290352	3		k=3+VQE
exp_035	Lasso k=3 + VQE	-0.726911	0.695389	-0.173215	-0.290352	3		k=3+VQE
exp_036	Lasso k=3 + VQE	-0.775158	0.700771	-0.318745	-0.300657	3		k=3+VQE
exp_037	Lasso k=3 + VQE	-0.726911	0.695389	-0.173215	-0.290352	3		k=3+VQE
exp_038	Lasso k=3 + VQE	-0.726911	0.695389	-0.173215	-0.290352	3		k=3+VQE
exp_039	Lasso k=3 + VQE	-0.779488	0.708130	-0.270305	-0.319952	3		k=3+VQE
exp_040	Lasso k=3 + VQE	0.745955	0.560070	0.089450	-0.535766	3		k=3+VQE
exp_041	Lasso k=3 + VQE	-0.726911	0.695389	-0.173215	-0.290352	3		k=3+VQE
exp_042	Lasso k=3 + VQE	-0.675636	0.835066	0.053940	0.841570	3		k=3+VQE
exp_043	Lasso k=3 + VQE	-0.726910	0.695390	-0.193828	-0.290352	3		k=3+VQE
exp_044	Lasso k=3 + VQE	-0.015086	0.627298	0.293749	0.343297	3		k=3+VQE
exp_045	Lasso k=3 + VQE	-0.740962	0.786615	0.284871	-0.395004	3		k=3+VQE
exp_046	Lasso k=3 + VQE	-0.722111	0.736947	0.252035	-0.291642	3		k=3+VQE
exp_047	Lasso k=3 + VQE	-0.719683	0.747204	0.018581	-0.292245	3		k=3+VQE
exp_048	Lasso k=3 + VQE	0.060778	0.642324	0.803915	-0.305432	3		k=3+VQE
exp_049	Lasso k=3 + VQE	-0.722554	0.752059	0.430330	0.741893	3		k=3+VQE
exp_050	Lasso k=3 + VQE	-0.466543	0.696134	-0.324360	0.752877	3		k=3+VQE
exp_051	Lasso k=3 + VQE	-0.726134	0.695058	-0.173621	-0.291038	3		k=3+VQE
exp_052	Lasso k=3 + VQE	-0.723802	0.694412	-0.173209	-0.292254	3		k=3+VQE
exp_053	Lasso k=3 + VQE	-0.723802	0.694412	-0.283241	-0.292254	3		k=3+VQE
exp_054	Lasso k=3 + VQE	-0.725764	0.694789	-0.173228	-0.294877	3		k=3+VQE
exp_055	Lasso k=3 + VQE	-0.723802	0.694412	-0.173207	-0.292254	3		k=3+VQE
exp_056	Lasso k=3 + VQE	-0.723802	0.694412	-0.173207	-0.292254	3		k=3+VQE
exp_057	Lasso k=3 + VQE	-0.769735	0.699585	-0.318538	-0.302729	3		k=3+VQE
exp_058	Lasso k=3 + VQE	-0.723802	0.694412	-0.173207	-0.292254	3		k=3+VQE
exp_059	Lasso k=3 + VQE	-0.723802	0.694412	-0.173207	-0.292254	3		k=3+VQE
exp_060	Lasso k=3 + VQE	-0.777046	0.707032	-0.269975	-0.321299	3		k=3+VQE
exp_061	Lasso k=3 + VQE	0.759775	0.559038	0.089359	-0.536861	3		k=3+VQE
exp_062	Lasso k=3 + VQE	-0.723802	0.694412	-0.173207	-0.292254	3		k=3+VQE
exp_063	Lasso k=3 + VQE	-0.668634	0.833612	0.054184	0.840545	3		k=3+VQE
exp_064	Lasso k=3 + VQE	-0.723801	0.694414	-0.194174	-0.292254	3		k=3+VQE
exp_065	Lasso k=3 + VQE	-0.014734	0.627277	0.293642	0.343563	3		k=3+VQE
exp_066	Lasso k=3 + VQE	-0.740888	0.786535	0.284738	-0.395139	3		k=3+VQE
exp_067	Lasso k=3 + VQE	-0.720513	0.736235	0.252007	-0.292533	3		k=3+VQE
exp_068	Lasso k=3 + VQE	-0.718897	0.746824	0.018312	-0.292664	3		k=3+VQE
exp_069	Lasso k=3 + VQE	0.067739	0.641813	0.803879	-0.306237	3		k=3+VQE
exp_070	Lasso k=3 + VQE	-0.720811	0.751226	0.430697	0.741627	3		k=3+VQE
exp_071	Lasso k=3 + VQE	-0.459963	0.695045	-0.324263	0.752512	3		k=3+VQE
exp_072	Lasso k=3 + VQE	-0.726134	0.695057	-0.173505	-0.291038	3		k=3+VQE
exp_073	Lasso k=3 + VQE	-0.726134	0.695057	-0.283643	-0.291038	3		k=3+VQE
exp_074	Lasso k=3 + VQE	-0.725764	0.694789	-0.174848	-0.294877	3		k=3+VQE
exp_075	Lasso k=3 + VQE	-0.726134	0.695057	-0.173504	-0.291038	3		k=3+VQE
exp_076	Lasso k=3 + VQE	-0.726134	0.695057	-0.173504	-0.291038	3		k=3+VQE
exp_077	Lasso k=3 + VQE	-0.773552	0.700370	-0.318928	-0.301367	3		k=3+VQE
exp_078	Lasso k=3 + VQE	-0.726134	0.695057	-0.173504	-0.291038	3		k=3+VQE
exp_079	Lasso k=3 + VQE	-0.726134	0.695057	-0.173504	-0.291038	3		k=3+VQE
exp_080	Lasso k=3 + VQE	-0.778468	0.707637	-0.270310	-0.320188	3		k=3+VQE
exp_081	Lasso k=3 + VQE	0.750677	0.559696	0.089312	-0.536317	3		k=3+VQE
exp_082	Lasso k=3 + VQE	-0.726134	0.695057	-0.173504	-0.291038	3		k=3+VQE
exp_083	Lasso k=3 + VQE	-0.673251	0.834614	0.054361	0.841063	3		k=3+VQE
exp_084	Lasso k=3 + VQE	-0.726133	0.695058	-0.194475	-0.291038	3		k=3+VQE
exp_085	Lasso k=3 + VQE	-0.014735	0.627282	0.293580	0.343674	3		k=3+VQE
exp_086	Lasso k=3 + VQE	-0.740961	0.786534	0.284729	-0.395013	3		k=3+VQE
exp_087	Lasso k=3 + VQE	-0.721694	0.736704	0.252025	-0.291964	3		k=3+VQE
exp_088	Lasso k=3 + VQE	-0.719483	0.747048	0.018439	-0.292395	3		k=3+VQE
exp_089	Lasso k=3 + VQE	0.063122	0.642159	0.803906	-0.305705	3		k=3+VQE
exp_090	Lasso k=3 + VQE	-0.722091	0.751789	0.430189	0.741861	3		k=3+VQE
exp_091	Lasso k=3 + VQE	-0.464502	0.695779	-0.324347	0.752755	3		k=3+VQE
exp_092	Lasso k=3 + VQE	-0.721307	0.693898	-0.282651	-0.288066	3		k=3+VQE
exp_093	Lasso k=3 + VQE	-0.725764	0.694789	-0.173446	-0.294877	3		k=3+VQE
exp_094	Lasso k=3 + VQE	-0.721307	0.693898	-0.172922	-0.288066	3		k=3+VQE
exp_095	Lasso k=3 + VQE	-0.721307	0.693898	-0.172922	-0.288066	3		k=3+VQE
exp_096	Lasso k=3 + VQE	-0.765774	0.698953	-0.318620	-0.298173	3		k=3+VQE
exp_097	Lasso k=3 + VQE	-0.721307	0.693898	-0.172922	-0.288066	3		k=3+VQE
exp_098	Lasso k=3 + VQE	-0.721307	0.693898	-0.172922	-0.288066	3		k=3+VQE
exp_099	Lasso k=3 + VQE	-0.777147	0.707004	-0.270611	-0.318552	3		k=3+VQE
exp_100	Lasso k=3 + VQE	0.768455	0.558573	0.089584	-0.534412	3		k=3+VQE
exp_101	Lasso k=3 + VQE	-0.721307	0.693898	-0.172922	-0.288066	3		k=3+VQE
exp_102	Lasso k=3 + VQE	-0.664116	0.832659	0.053699	0.842202	3		k=3+VQE
exp_103	Lasso k=3 + VQE	-0.721306	0.693899	-0.192578	-0.288067	3		k=3+VQE
exp_104	Lasso k=3 + VQE	-0.015396	0.627305	0.294004	0.342828	3		k=3+VQE
exp_105	Lasso k=3 + VQE	-0.740812	0.786581	0.285060	-0.394870	3		k=3+VQE
exp_106	Lasso k=3 + VQE	-0.719293	0.735828	0.252041	-0.290567	3		k=3+VQE
exp_107	Lasso k=3 + VQE	-0.718311	0.746616	0.018701	-0.291746	3		k=3+VQE
exp_108	Lasso k=3 + VQE	0.073212	0.641457	0.804017	-0.304480	3		k=3+VQE
exp_109	Lasso k=3 + VQE	-0.719482	0.750724	0.430688	0.742052	3		k=3+VQE
exp_110	Lasso k=3 + VQE	-0.454717	0.694323	-0.324490	0.753083	3		k=3+VQE
exp_111	Lasso k=3 + VQE	-0.725764	0.694788	-0.283212	-0.294877	3		k=3+VQE
exp_112	Lasso k=3 + VQE	-0.760111	0.723540	-0.221762	-0.269728	3		k=3+VQE
exp_113	Lasso k=3 + VQE	-0.760111	0.723540	-0.221762	-0.269728	3		k=3+VQE
exp_114	Lasso k=3 + VQE	-0.791045	0.730729	-0.550025	-0.274659	3		k=3+VQE
exp_115	Lasso k=3 + VQE	-0.760111	0.723540	-0.221762	-0.269728	3		k=3+VQE
exp_116	Lasso k=3 + VQE	-0.760111	0.723540	-0.221762	-0.269728	3		k=3+VQE
exp_117	Lasso k=3 + VQE	-0.796431	0.735340	-0.424471	-0.309143	3		k=3+VQE
exp_118	Lasso k=3 + VQE	0.026702	0.583903	0.071962	-0.629021	3		k=3+VQE
exp_119	Lasso k=3 + VQE	-0.760111	0.723540	-0.221762	-0.269728	3		k=3+VQE
exp_120	Lasso k=3 + VQE	-0.777796	0.891925	0.042129	0.739239	3		k=3+VQE
exp_121	Lasso k=3 + VQE	-0.760113	0.723541	-0.238175	-0.269726	3		k=3+VQE
exp_122	Lasso k=3 + VQE	-0.015790	0.627324	0.287799	0.342413	3		k=3+VQE
exp_123	Lasso k=3 + VQE	-0.753881	0.795475	0.307066	-0.336575	3		k=3+VQE
exp_124	Lasso k=3 + VQE	-0.760073	0.769532	0.246174	-0.269775	3		k=3+VQE
exp_125	Lasso k=3 + VQE	-0.742104	0.765428	0.003478	-0.284163	3		k=3+VQE
exp_126	Lasso k=3 + VQE	-0.213945	0.664843	0.814516	-0.284949	3		k=3+VQE
exp_127	Lasso k=3 + VQE	-0.757739	0.786023	0.400095	0.703184	3		k=3+VQE
exp_128	Lasso k=3 + VQE	-0.599140	0.739144	-0.317960	0.677452	3		k=3+VQE
exp_129	Lasso k=3 + VQE	-0.725765	0.694788	-0.173104	-0.294877	3		k=3+VQE
exp_130	Lasso k=3 + VQE	-0.725765	0.694788	-0.173104	-0.294877	3		k=3+VQE
exp_131	Lasso k=3 + VQE	-0.772739	0.700029	-0.318027	-0.305500	3		k=3+VQE
exp_132	Lasso k=3 + VQE	-0.725765	0.694788	-0.173104	-0.294877	3		k=3+VQE
exp_133	Lasso k=3 + VQE	-0.725765	0.694788	-0.173104	-0.294877	3		k=3+VQE
exp_134	Lasso k=3 + VQE	-0.777030	0.707044	-0.269158	-0.322850	3		k=3+VQE
exp_135	Lasso k=3 + VQE	0.751895	0.559382	0.089146	-0.538534	3		k=3+VQE
exp_136	Lasso k=3 + VQE	-0.725765	0.694788	-0.173104	-0.294877	3		k=3+VQE
exp_137	Lasso k=3 + VQE	-0.672266	0.834333	0.054282	0.839475	3		k=3+VQE
exp_138	Lasso k=3 + VQE	-0.725764	0.694789	-0.194893	-0.294877	3		k=3+VQE
exp_139	Lasso k=3 + VQE	-0.014359	0.627263	0.293431	0.344016	3		k=3+VQE
exp_140	Lasso k=3 + VQE	-0.740942	0.786532	0.284484	-0.395333	3		k=3+VQE
exp_141	Lasso k=3 + VQE	-0.721483	0.736538	0.251970	-0.293757	3		k=3+VQE
exp_142	Lasso k=3 + VQE	-0.719355	0.747017	0.017796	-0.293234	3		k=3+VQE
exp_143	Lasso k=3 + VQE	0.062914	0.642090	0.803776	-0.307306	3		k=3+VQE
exp_144	Lasso k=3 + VQE	-0.721870	0.751578	0.431278	0.741460	3		k=3+VQE
exp_145	Lasso k=3 + VQE	-0.463964	0.695573	-0.324027	0.753056	3		k=3+VQE
exp_146	Lasso k=3 + VQE	-0.717434	0.706584	-0.022202	-0.292778	3		k=3+VQE
exp_147	Lasso k=3 + VQE	-0.726860	0.708424	-0.102751	-0.295185	3		k=3+VQE
exp_148	Lasso k=3 + VQE	-0.717434	0.706584	-0.022202	-0.292778	3		k=3+VQE
exp_149	Lasso k=3 + VQE	-0.717434	0.706584	-0.022202	-0.292778	3		k=3+VQE
exp_150	Lasso k=3 + VQE	-0.796821	0.731193	-0.107057	-0.336724	3		k=3+VQE
exp_151	Lasso k=3 + VQE	0.686456	0.572021	0.142169	-0.507044	3		k=3+VQE
exp_152	Lasso k=3 + VQE	-0.717434	0.706584	-0.022202	-0.292778	3		k=3+VQE
exp_153	Lasso k=3 + VQE	-0.704986	0.842792	0.136556	0.942794	3		k=3+VQE
exp_154	Lasso k=3 + VQE	-0.708380	0.709127	-0.084998	-0.309240	3		k=3+VQE
exp_155	Lasso k=3 + VQE	-0.015790	0.627324	0.314202	0.342413	3		k=3+VQE
exp_156	Lasso k=3 + VQE	-0.740628	0.787542	0.292572	-0.395876	3		k=3+VQE
exp_157	Lasso k=3 + VQE	-0.717434	0.745681	0.273862	-0.292778	3		k=3+VQE
exp_158	Lasso k=3 + VQE	-0.717434	0.752745	0.074936	-0.292778	3		k=3+VQE
exp_159	Lasso k=3 + VQE	-0.048144	0.648010	0.818868	-0.305956	3		k=3+VQE
exp_160	Lasso k=3 + VQE	-0.717434	0.762070	0.340384	0.771892	3		k=3+VQE
exp_161	Lasso k=3 + VQE	-0.514860	0.709053	-0.275200	0.840851	3		k=3+VQE
exp_162	Lasso k=3 + VQE	-0.726860	0.708424	-0.102751	-0.295185	3		k=3+VQE
exp_163	Lasso k=3 + VQE	-0.717434	0.706584	-0.022202	-0.292778	3		k=3+VQE
exp_164	Lasso k=3 + VQE	-0.717434	0.706584	-0.022202	-0.292778	3		k=3+VQE
exp_165	Lasso k=3 + VQE	-0.796821	0.731193	-0.107057	-0.336724	3		k=3+VQE
exp_166	Lasso k=3 + VQE	0.686456	0.572021	0.142169	-0.507044	3		k=3+VQE
exp_167	Lasso k=3 + VQE	-0.717434	0.706584	-0.022202	-0.292778	3		k=3+VQE
exp_168	Lasso k=3 + VQE	-0.704986	0.842792	0.136556	0.942794	3		k=3+VQE
exp_169	Lasso k=3 + VQE	-0.708380	0.709127	-0.084998	-0.309240	3		k=3+VQE
exp_170	Lasso k=3 + VQE	-0.015790	0.627324	0.314202	0.342413	3		k=3+VQE
exp_171	Lasso k=3 + VQE	-0.740628	0.787542	0.292572	-0.395876	3		k=3+VQE
exp_172	Lasso k=3 + VQE	-0.717434	0.745681	0.273862	-0.292778	3		k=3+VQE
exp_173	Lasso k=3 + VQE	-0.717434	0.752745	0.074936	-0.292778	3		k=3+VQE
exp_174	Lasso k=3 + VQE	-0.048144	0.648010	0.818868	-0.305956	3		k=3+VQE
exp_175	Lasso k=3 + VQE	-0.717434	0.762070	0.340384	0.771892	3		k=3+VQE
exp_176	Lasso k=3 + VQE	-0.514860	0.709053	-0.275200	0.840851	3		k=3+VQE
exp_177	Lasso k=3 + VQE	-0.726860	0.708424	-0.102751	-0.295185	3		k=3+VQE
exp_178	Lasso k=3 + VQE	-0.726860	0.708424	-0.102751	-0.295185	3		k=3+VQE
exp_179	Lasso k=3 + VQE	-0.796828	0.731196	-0.175221	-0.336729	3		k=3+VQE
exp_180	Lasso k=3 + VQE	0.688083	0.573651	0.053548	-0.523127	3		k=3+VQE
exp_181	Lasso k=3 + VQE	-0.726860	0.708424	-0.102751	-0.295185	3		k=3+VQE
exp_182	Lasso k=3 + VQE	-0.683648	0.857536	0.017289	0.980539	3		k=3+VQE
exp_183	Lasso k=3 + VQE	-0.748797	0.724771	-0.235127	-0.352545	3		k=3+VQE
exp_184	Lasso k=3 + VQE	-0.021950	0.633677	0.284281	0.273357	3		k=3+VQE
exp_185	Lasso k=3 + VQE	-0.760533	0.795812	0.260125	-0.444886	3		k=3+VQE
exp_186	Lasso k=3 + VQE	-0.717434	0.745682	0.235124	-0.292778	3		k=3+VQE
exp_187	Lasso k=3 + VQE	-0.717434	0.752747	0.041227	-0.292778	3		k=3+VQE
exp_188	Lasso k=3 + VQE	-0.017287	0.643308	0.800867	-0.304637	3		k=3+VQE
exp_189	Lasso k=3 + VQE	-0.713514	0.761216	0.294063	0.766893	3		k=3+VQE
exp_190	Lasso k=3 + VQE	-0.498729	0.706136	-0.309305	0.811859	3		k=3+VQE
exp_191	Lasso k=3 + VQE	-0.717434	0.706584	-0.022202	-0.292778	3		k=3+VQE
exp_192	Lasso k=3 + VQE	-0.796821	0.731193	-0.107057	-0.336724	3		k=3+VQE
exp_193	Lasso k=3 + VQE	0.686456	0.572021	0.142169	-0.507044	3		k=3+VQE
exp_194	Lasso k=3 + VQE	-0.717434	0.706584	-0.022202	-0.292778	3		k=3+VQE
exp_195	Lasso k=3 + VQE	-0.704986	0.842792	0.136556	0.942794	3		k=3+VQE
exp_196	Lasso k=3 + VQE	-0.708380	0.709127	-0.084998	-0.309240	3		k=3+VQE
exp_197	Lasso k=3 + VQE	-0.015790	0.627324	0.314202	0.342413	3		k=3+VQE
exp_198	Lasso k=3 + VQE	-0.740628	0.787542	0.292572	-0.395876	3		k=3+VQE
exp_199	Lasso k=3 + VQE	-0.717434	0.745681	0.273862	-0.292778	3		k=3+VQE
exp_200	Lasso k=3 + VQE	-0.717434	0.752745	0.074936	-0.292778	3		k=3+VQE
exp_201	Lasso k=3 + VQE	-0.048144	0.648010	0.818868	-0.305956	3		k=3+VQE
exp_202	Lasso k=3 + VQE	-0.717434	0.762070	0.340384	0.771892	3		k=3+VQE
exp_203	Lasso k=3 + VQE	-0.514860	0.709053	-0.275200	0.840851	3		k=3+VQE
exp_204	Lasso k=3 + VQE	-0.796821	0.731193	-0.107057	-0.336724	3		k=3+VQE
exp_205	Lasso k=3 + VQE	0.686456	0.572021	0.142169	-0.507044	3		k=3+VQE
exp_206	Lasso k=3 + VQE	-0.717434	0.706584	-0.022202	-0.292778	3		k=3+VQE
exp_207	Lasso k=3 + VQE	-0.704986	0.842792	0.136556	0.942794	3		k=3+VQE
exp_208	Lasso k=3 + VQE	-0.708380	0.709127	-0.084998	-0.309240	3		k=3+VQE
exp_209	Lasso k=3 + VQE	-0.015790	0.627324	0.314202	0.342413	3		k=3+VQE
exp_210	Lasso k=3 + VQE	-0.740628	0.787542	0.292572	-0.395876	3		k=3+VQE
exp_211	Lasso k=3 + VQE	-0.717434	0.745681	0.273862	-0.292778	3		k=3+VQE
exp_212	Lasso k=3 + VQE	-0.717434	0.752745	0.074936	-0.292778	3		k=3+VQE
exp_213	Lasso k=3 + VQE	-0.048144	0.648010	0.818868	-0.305956	3		k=3+VQE
exp_214	Lasso k=3 + VQE	-0.717434	0.762070	0.340384	0.771892	3		k=3+VQE
exp_215	Lasso k=3 + VQE	-0.514860	0.709053	-0.275200	0.840851	3		k=3+VQE
exp_216	Lasso k=3 + VQE	-0.590477	0.629258	0.117648	-0.626999	3		k=3+VQE
exp_217	Lasso k=3 + VQE	-0.796821	0.731193	-0.107057	-0.336724	3		k=3+VQE
exp_218	Lasso k=3 + VQE	-0.810622	0.935683	0.142458	0.946343	3		k=3+VQE
exp_219	Lasso k=3 + VQE	-0.794261	0.741111	-0.192400	-0.375841	3		k=3+VQE
exp_220	Lasso k=3 + VQE	-0.188067	0.649586	0.279919	0.291415	3		k=3+VQE
exp_221	Lasso k=3 + VQE	-0.740628	0.787542	0.216572	-0.395876	3		k=3+VQE
exp_222	Lasso k=3 + VQE	-0.717434	0.745681	0.238071	-0.292778	3		k=3+VQE
exp_223	Lasso k=3 + VQE	-0.717434	0.752748	0.018245	-0.292778	3		k=3+VQE
exp_224	Lasso k=3 + VQE	0.013157	0.642738	0.808589	-0.298155	3		k=3+VQE
exp_225	Lasso k=3 + VQE	-0.717434	0.762071	0.309868	0.771893	3		k=3+VQE
exp_226	Lasso k=3 + VQE	-0.514860	0.709053	-0.291017	0.840851	3		k=3+VQE
exp_227	Lasso k=3 + VQE	0.686456	0.572021	0.142169	-0.507044	3		k=3+VQE
exp_228	Lasso k=3 + VQE	0.114804	0.592201	0.109373	-0.457744	3		k=3+VQE
exp_229	Lasso k=3 + VQE	0.686456	0.572021	-0.103342	-0.507044	3		k=3+VQE
exp_230	Lasso k=3 + VQE	0.653752	0.534416	0.289561	-0.252318	3		k=3+VQE
exp_231	Lasso k=3 + VQE	-0.739172	0.778225	0.242965	-0.430422	3		k=3+VQE
exp_232	Lasso k=3 + VQE	-0.714302	0.733896	0.183282	-0.309786	3		k=3+VQE
exp_233	Lasso k=3 + VQE	-0.555807	0.620303	0.015568	-0.449668	3		k=3+VQE
exp_234	Lasso k=3 + VQE	-0.048144	0.648010	0.811962	-0.305956	3		k=3+VQE
exp_235	Lasso k=3 + VQE	-0.717434	0.762070	0.303797	0.771892	3		k=3+VQE
exp_236	Lasso k=3 + VQE	0.464040	0.566386	-0.330105	-0.441344	3		k=3+VQE
exp_237	Lasso k=3 + VQE	-0.704986	0.842792	0.136556	0.942794	3		k=3+VQE
exp_238	Lasso k=3 + VQE	-0.708380	0.709127	-0.084998	-0.309240	3		k=3+VQE
exp_239	Lasso k=3 + VQE	-0.015790	0.627324	0.314202	0.342413	3		k=3+VQE
exp_240	Lasso k=3 + VQE	-0.740628	0.787542	0.292572	-0.395876	3		k=3+VQE
exp_241	Lasso k=3 + VQE	-0.717434	0.745681	0.273862	-0.292778	3		k=3+VQE
exp_242	Lasso k=3 + VQE	-0.717434	0.752745	0.074936	-0.292778	3		k=3+VQE
exp_243	Lasso k=3 + VQE	-0.048144	0.648010	0.818868	-0.305956	3		k=3+VQE
exp_244	Lasso k=3 + VQE	-0.717434	0.762070	0.340384	0.771892	3		k=3+VQE
exp_245	Lasso k=3 + VQE	-0.514860	0.709053	-0.275200	0.840851	3		k=3+VQE
exp_246	Lasso k=3 + VQE	-0.784322	0.852399	0.048551	0.851175	3		k=3+VQE
exp_247	Lasso k=3 + VQE	-0.567498	0.759281	0.245997	0.974914	3		k=3+VQE
exp_248	Lasso k=3 + VQE	-0.768745	0.807694	0.256067	-0.007971	3		k=3+VQE
exp_249	Lasso k=3 + VQE	-0.747150	0.767718	0.215292	-0.178572	3		k=3+VQE
exp_250	Lasso k=3 + VQE	-0.745762	0.829593	0.083700	0.380572	3		k=3+VQE
exp_251	Lasso k=3 + VQE	-0.091506	0.653314	0.799268	-0.287218	3		k=3+VQE
exp_252	Lasso k=3 + VQE	-0.717434	0.762071	0.298309	0.771894	3		k=3+VQE
exp_253	Lasso k=3 + VQE	-0.685206	0.808061	-0.315251	0.875158	3		k=3+VQE
exp_254	Lasso k=3 + VQE	-0.015787	0.627324	0.298774	0.342416	3		k=3+VQE
exp_255	Lasso k=3 + VQE	-0.740628	0.787542	0.290351	-0.395876	3		k=3+VQE
exp_256	Lasso k=3 + VQE	-0.710383	0.748887	0.251136	-0.307453	3		k=3+VQE
exp_257	Lasso k=3 + VQE	-0.717676	0.753317	0.021062	-0.295701	3		k=3+VQE
exp_258	Lasso k=3 + VQE	-0.243300	0.651654	0.804148	-0.338492	3		k=3+VQE
exp_259	Lasso k=3 + VQE	-0.698059	0.768526	0.447451	0.709779	3		k=3+VQE
exp_260	Lasso k=3 + VQE	-0.524059	0.715605	-0.310961	0.706567	3		k=3+VQE
exp_261	Lasso k=3 + VQE	-0.621098	0.745408	0.397355	0.031523	3		k=3+VQE
exp_262	Lasso k=3 + VQE	-0.595144	0.715805	0.352544	-0.157425	3		k=3+VQE
exp_263	Lasso k=3 + VQE	-0.379850	0.685599	0.365901	0.033306	3		k=3+VQE
exp_264	Lasso k=3 + VQE	0.104931	0.633202	0.792669	-0.176440	3		k=3+VQE
exp_265	Lasso k=3 + VQE	-0.558016	0.722023	0.409680	0.863193	3		k=3+VQE
exp_266	Lasso k=3 + VQE	-0.164066	0.650726	-0.051963	0.985167	3		k=3+VQE
exp_267	Lasso k=3 + VQE	-0.735926	0.775539	0.234966	-0.370035	3		k=3+VQE
exp_268	Lasso k=3 + VQE	-0.740628	0.787542	0.207876	-0.395876	3		k=3+VQE
exp_269	Lasso k=3 + VQE	-0.048144	0.648010	0.796051	-0.305956	3		k=3+VQE
exp_270	Lasso k=3 + VQE	-0.729560	0.775145	0.302424	0.710331	3		k=3+VQE
exp_271	Lasso k=3 + VQE	-0.751861	0.791369	-0.227436	-0.455876	3		k=3+VQE
exp_272	Lasso k=3 + VQE	-0.717434	0.745681	0.157625	-0.292778	3		k=3+VQE
exp_273	Lasso k=3 + VQE	-0.048144	0.648010	0.816604	-0.305956	3		k=3+VQE
exp_274	Lasso k=3 + VQE	-0.717434	0.762069	0.322121	0.771891	3		k=3+VQE
exp_275	Lasso k=3 + VQE	-0.783283	0.758477	-0.179171	-0.402681	3		k=3+VQE
exp_276	Lasso k=3 + VQE	0.300229	0.612062	0.832251	-0.306189	3		k=3+VQE
exp_277	Lasso k=3 + VQE	-0.717434	0.762494	0.236347	0.777209	3		k=3+VQE
exp_278	Lasso k=3 + VQE	-0.708367	0.750790	-0.329441	-0.271797	3		k=3+VQE
exp_279	Lasso k=3 + VQE	-0.048144	0.648010	0.765761	-0.305956	3		k=3+VQE
exp_280	Lasso k=3 + VQE	0.148353	0.633406	0.859430	-0.420154	3		k=3+VQE
exp_281	Lasso k=3 + VQE	-0.769174	0.775189	-0.154748	0.760481	3		k=3+VQE
exp_282	SVR rbf k=2	0.579739	0.565389	0.209749	-0.402298	2	E2_chem_shape, E4_bio_pocket_polarity	model=SVR
exp_283	SVR linear k=2	0.626121	0.564168	0.680819	-0.471685	2	E2_chem_shape, E4_bio_pocket_polarity	model=SVR
exp_284	SVR rbf k=3	0.372943	0.591386	0.213341	-0.730821	3	E2_chem_shape, E4_bio_resolution_weight, E4_bio_pocket_polarity	model=SVR
exp_285	SVR linear k=3	0.710284	0.501763	0.667117	-0.377516	3	E2_chem_shape, E4_bio_resolution_weight, E4_bio_pocket_polarity	model=SVR
exp_286	GaussianProcess k=2	0.656009	0.551801	0.656009	-0.479232	2	E2_chem_shape, E4_bio_pocket_polarity	model=GP
exp_287	GaussianProcess k=3	0.643814	0.560018	0.643814	-0.498195	3	E2_chem_shape, E4_bio_resolution_weight, E4_bio_pocket_polarity	model=GP
exp_288	BayesianRidge k=2	0.667582	0.555067	0.697837	-0.492166	2	E2_chem_shape, E4_bio_pocket_polarity	model=BayesianRidge
exp_289	BayesianRidge k=3	0.662660	0.560751	0.635708	-0.500752	3	E2_chem_shape, E4_bio_resolution_weight, E4_bio_pocket_polarity	model=BayesianRidge
exp_290	Lasso k=2 log(VQE)	0.660446	0.554409	0.697966	-0.490217	2	E2_chem_shape, E4_bio_pocket_polarity	log(VQE)
exp_291	Lasso k=3 log(VQE)	0.660436	0.554412	0.674180	-0.490214	3	E2_chem_shape, E4_bio_resolution_weight, E4_bio_pocket_polarity	log(VQE)
exp_292	Lasso k=2 interaction	0.660446	0.554409	0.697966	-0.490217	2	E2_chem_shape, E4_bio_pocket_polarity	interaction_terms
exp_293	Lasso k=3 interaction	0.660436	0.554412	0.674180	-0.490214	3	E2_chem_shape, E4_bio_resolution_weight, E4_bio_pocket_polarity	interaction_terms
exp_294	Lasso k=2 PCA3	0.660446	0.554409	0.697966	-0.490217	2	E2_chem_shape, E4_bio_pocket_polarity	PCA_ecfp=3
exp_295	Lasso k=3 PCA3	0.660436	0.554412	0.674180	-0.490214	3	E2_chem_shape, E4_bio_resolution_weight, E4_bio_pocket_polarity	PCA_ecfp=3
exp_296	Lasso k=2 PCA5	0.660446	0.554409	0.697966	-0.490217	2	E2_chem_shape, E4_bio_pocket_polarity	PCA_ecfp=5
exp_297	Lasso k=3 PCA5	0.660436	0.554412	0.674180	-0.490214	3	E2_chem_shape, E4_bio_resolution_weight, E4_bio_pocket_polarity	PCA_ecfp=5
exp_298	Lasso alpha=0.001 k=2	0.662188	0.550139	0.696326	-0.490727	2	E2_chem_shape, E4_bio_pocket_polarity	alpha_tuning
exp_299	Lasso alpha=0.005 k=2	0.661705	0.551359	0.696787	-0.490589	2	E2_chem_shape, E4_bio_pocket_polarity	alpha_tuning
exp_300	Lasso alpha=0.01 k=2	0.661086	0.552884	0.697373	-0.490407	2	E2_chem_shape, E4_bio_pocket_polarity	alpha_tuning
exp_301	Lasso alpha=0.02 k=2	0.659786	0.555934	0.698560	-0.490018	2	E2_chem_shape, E4_bio_pocket_polarity	alpha_tuning
exp_302	Lasso alpha=0.03 k=2	0.658400	0.558984	0.699713	-0.489586	2	E2_chem_shape, E4_bio_pocket_polarity	alpha_tuning
exp_303	Lasso alpha=0.05 k=2	0.655332	0.565085	0.701278	-0.488570	2	E2_chem_shape, E4_bio_pocket_polarity	alpha_tuning
exp_304	Lasso alpha=0.1 k=2	0.645341	0.580335	0.619878	-0.484539	2	E2_chem_shape, E4_bio_pocket_polarity	alpha_tuning
exp_305	ElasticNet l1=0.1 k=2	0.662883	0.550929	0.703256	-0.490924	2	E2_chem_shape, E4_bio_pocket_polarity	ElasticNet
exp_306	ElasticNet l1=0.3 k=2	0.662362	0.551697	0.702089	-0.490777	2	E2_chem_shape, E4_bio_pocket_polarity	ElasticNet
exp_307	ElasticNet l1=0.5 k=2	0.661829	0.552468	0.700917	-0.490624	2	E2_chem_shape, E4_bio_pocket_polarity	ElasticNet
exp_308	ElasticNet l1=0.7 k=2	0.661285	0.553242	0.699741	-0.490466	2	E2_chem_shape, E4_bio_pocket_polarity	ElasticNet
exp_309	ElasticNet l1=0.9 k=2	0.660729	0.554019	0.698559	-0.490302	2	E2_chem_shape, E4_bio_pocket_polarity	ElasticNet
exp_310	Lasso physics_only k=2	0.660446	0.554409	0.697966	-0.490217	2	E2_chem_shape, E4_bio_pocket_polarity	subset=physics_only
exp_311	Lasso physics_only k=3	0.660436	0.554412	0.674180	-0.490214	3	E2_chem_shape, E4_bio_resolution_weight, E4_bio_pocket_polarity	subset=physics_only
exp_312	Lasso no_quantum k=2	0.660446	0.554409	0.697966	-0.490217	2	E2_chem_shape, E4_bio_family_hbond	subset=no_quantum
exp_313	Lasso no_quantum k=3	0.660436	0.554412	0.674180	-0.490214	3	E2_chem_shape, E4_bio_pocket_druggability, E4_bio_family_hbond	subset=no_quantum
exp_314	Lasso E1_only k=2	-0.691442	0.648848	-0.927540	0.687826	2	E1_vinardo_gauss1, E1_vinardo_hydrophobic	subset=E1_only
exp_315	Lasso E1_only k=3	-0.691442	0.648848	-0.927462	0.687826	3	E1_vinardo_gauss1, E1_vinardo_hydrophobic, E1_vinardo_hbond	subset=E1_only
exp_316	Lasso E2_only k=2	0.240683	0.599376	0.455505	-0.632208	2	E1_vinardo_affinity, E2_chem_pi_pi	subset=E2_only
exp_317	Lasso E2_only k=3	0.240676	0.599376	0.378639	-0.632211	3	E1_vinardo_hydrophobic, E1_vinardo_affinity, E2_chem_pi_pi	subset=E2_only
exp_318	Lasso E4_only k=2	0.574811	0.579459	0.626739	-0.205045	2	E1_vinardo_hbond, E2_chem_pi_pi	subset=E4_only
exp_319	Lasso E4_only k=3	0.681834	0.559482	0.643793	0.448511	3	E1_vinardo_hydrophobic, E1_vinardo_hbond, E2_chem_pi_pi	subset=E4_only
exp_320	Lasso E1+E2 k=2	0.601642	0.571580	0.440409	-0.506325	2	E1_vinardo_hydrophobic, E2_chem_shape	subset=E1+E2
exp_321	Lasso E1+E2 k=3	0.601645	0.571580	0.440409	-0.506325	3	E1_vinardo_gauss1, E1_vinardo_hydrophobic, E2_chem_shape	subset=E1+E2
exp_322	Lasso E2+E4 k=2	0.660446	0.554409	0.697966	-0.490217	2	E2_chem_pi_pi, E2_chem_lipophilic	subset=E2+E4
exp_323	Lasso E2+E4 k=3	0.660436	0.554412	0.674180	-0.490214	3	E2_chem_pi_pi, E2_chem_metal_coord, E2_chem_lipophilic	subset=E2+E4
