split	pdb_id	true	pred	error
train	1cqq	6.16	9.71	+3.557
train	2yaz	5.14	6.31	+1.168
train	3zi8	5.66	5.62	-0.036
train	1csr	6.23	6.20	-0.033
train	4yo8	10.52	6.17	-4.349
train	6s5k	7.32	6.39	-0.932
train	6g27	3.14	6.24	+3.101
train	1qaw	5.12	4.98	-0.144
train	6p87	4.60	4.93	+0.325
train	1cts	6.16	5.57	-0.590
train	4bqs	4.21	6.88	+2.671
train	4whs	4.12	4.41	+0.286
train	3ok9	11.23	10.21	-1.024
train	1crh	6.38	5.74	-0.635
train	5zni	4.39	6.02	+1.633
train	4i7k	3.04	5.34	+2.304
train	4avi	7.63	6.76	-0.866
train	1kzk	10.39	7.46	-2.935
train	5h9r	6.08	5.66	-0.415
train	1rmz	8.00	6.96	-1.044
train	1crq	6.38	6.47	+0.089
train	3pwm	9.10	9.83	+0.729
train	5k8s	8.22	5.27	-2.955
train	6g25	3.52	4.67	+1.149
train	4ts1	4.94	5.68	+0.745
train	3ljg	7.73	6.30	-1.425
train	5u13	5.41	6.16	+0.747
train	6b1k	6.67	5.85	-0.824
train	4b5t	3.33	4.43	+1.098
train	3su1	6.68	7.09	+0.407
train	3tkw	5.27	10.09	+4.815
train	5e2p	8.80	6.48	-2.319
train	3suf	7.56	7.91	+0.348
train	4bqh	5.59	5.76	+0.173
train	1g98	5.70	5.24	-0.460
train	2i4z	5.70	6.99	+1.287
train	4b5w	3.33	4.21	+0.877
train	1w4q	5.26	5.84	+0.578
train	5edb	7.00	6.07	-0.928
train	5t8p	5.89	5.70	-0.186
train	1uwf	6.82	6.83	+0.013
train	1cpq	6.30	6.42	+0.118
train	5u11	5.35	5.57	+0.221
train	2oi2	6.30	5.34	-0.955
train	5btx	3.55	5.48	+1.925
train	5fut	6.45	7.74	+1.287
train	5n0f	6.05	4.85	-1.204
train	1e3v	4.34	5.72	+1.379
train	6c85	3.90	5.10	+1.197
train	1w4o	5.22	5.91	+0.687
train	3f6g	4.72	4.84	+0.119
train	6dpy	4.10	7.87	+3.768
train	3nq9	4.03	5.61	+1.581
train	4buq	8.14	6.82	-1.321
train	4ovf	4.13	6.20	+2.071
train	6dar	6.66	6.86	+0.197
train	1tsy	4.96	6.21	+1.246
train	6nu1	4.51	4.88	+0.374
train	1g74	6.52	5.53	-0.990
train	3i6o	10.35	8.46	-1.894
train	1rpf	3.99	5.94	+1.952
train	2x0y	4.60	5.08	+0.480
train	5fnu	8.89	6.86	-2.028
train	3ddf	4.66	6.44	+1.777
train	4hla	10.80	9.80	-1.002
train	1hmt	5.79	5.52	-0.269
train	1uwu	5.98	5.09	-0.891
train	4u0w	3.00	5.41	+2.410
train	1gpn	6.48	5.74	-0.739
train	3bkk	6.08	6.23	+0.152
train	3sug	6.21	8.02	+1.808
train	3own	7.47	7.64	+0.175
train	1crx	5.79	6.51	+0.722
train	3tcg	5.87	4.66	-1.212
train	3fed	7.46	5.18	-2.278
train	2zmm	7.60	6.43	-1.165
train	6fa4	7.29	6.62	-0.671
train	2cbv	5.48	5.05	-0.426
train	6arm	4.97	5.56	+0.586
train	5lli	7.05	6.73	-0.316
train	1cov	6.82	6.18	-0.639
train	5kqy	9.29	10.80	+1.514
train	6a87	3.15	5.99	+2.842
train	3mfv	2.52	4.94	+2.419
train	3rv8	4.92	6.39	+1.468
train	3gdt	7.19	5.56	-1.633
train	4dkp	5.72	6.03	+0.312
train	1u1w	5.85	4.53	-1.319
train	3s0e	6.55	5.74	-0.811
train	1ctp	6.23	6.00	-0.229
train	4u1b	5.31	5.13	-0.184
train	1jmf	5.77	6.17	+0.404
train	5fbi	2.80	5.53	+2.734
train	2y82	8.40	8.78	+0.382
train	5ad1	7.24	5.75	-1.485
train	3gi5	11.22	9.21	-2.014
train	2xda	6.22	5.93	-0.292
train	4sga	7.30	7.23	-0.068
train	1igb	6.40	5.52	-0.877
train	1crc	6.01	5.71	-0.305
train	2qbp	8.40	7.48	-0.918
train	6ays	9.19	7.68	-1.511
train	5o2d	5.68	5.28	-0.396
train	4l19	6.10	5.72	-0.384
train	1csy	6.30	7.13	+0.825
train	3veh	4.96	5.08	+0.120
train	1avn	6.52	5.73	-0.791
train	3k37	8.92	7.02	-1.903
train	3ocp	7.57	5.40	-2.167
train	1wdn	6.30	4.76	-1.540
train	2vw1	3.52	5.87	+2.354
train	6ny0	5.40	4.76	-0.643
train	6p3v	7.02	5.80	-1.216
train	2v3d	3.94	6.93	+2.995
train	4xar	6.97	5.09	-1.882
train	3uev	5.89	5.58	-0.307
train	6udv	10.29	8.50	-1.787
train	2xb8	7.59	7.02	-0.567
train	1njc	5.55	6.40	+0.853
train	5mgk	4.00	4.92	+0.920
train	1v1j	4.82	5.44	+0.618
train	5mby	3.51	4.65	+1.138
train	4cr5	4.15	5.57	+1.416
train	6qr1	5.07	5.29	+0.221
train	1fcy	8.52	4.77	-3.751
train	1ecv	4.85	4.95	+0.100
train	2zcr	6.87	6.82	-0.048
train	4n9c	3.90	4.50	+0.597
train	4ai5	2.92	5.49	+2.572
train	1det	4.30	6.39	+2.092
train	1ctd	6.01	4.78	-1.229
train	6qqq	5.17	6.24	+1.069
train	3pb9	6.58	5.69	-0.893
train	6f90	6.00	5.49	-0.509
train	2glp	5.01	5.76	+0.747
train	2cet	8.02	6.84	-1.181
train	2wyg	8.70	8.97	+0.272
train	1cqe	6.16	6.42	+0.258
train	1cpo	6.16	6.40	+0.239
train	4xmr	4.07	4.59	+0.521
train	1msn	9.09	7.58	-1.508
train	1crl	5.79	5.48	-0.314
train	5vo1	8.15	5.47	-2.682
train	1hlk	5.00	6.00	+0.998
train	2bt9	6.19	4.88	-1.310
train	3d50	4.77	5.89	+1.116
train	1pvn	9.82	5.54	-4.279
train	6euc	3.77	6.34	+2.575
train	1mld	5.50	5.35	-0.152
train	5dey	8.43	7.18	-1.250
train	3f17	8.63	8.16	-0.466
train	5dnu	4.11	5.23	+1.116
train	5om2	4.06	6.28	+2.216
train	3bgs	9.42	7.72	-1.705
train	3g2z	2.36	5.02	+2.662
train	2gst	6.07	6.57	+0.496
train	1cru	6.01	5.49	-0.517
train	1csb	6.09	7.04	+0.957
train	4cjp	3.32	5.91	+2.592
train	5tbm	7.31	7.04	-0.267
train	2ya6	5.70	5.74	+0.042
train	3uxl	5.57	5.41	-0.158
train	3pb7	5.74	6.53	+0.794
train	1pbq	6.27	4.56	-1.714
train	6g24	2.77	4.58	+1.814
train	4l9i	4.89	6.34	+1.453
train	4np3	3.30	5.12	+1.818
train	5d1r	4.84	5.87	+1.034
train	4cd4	6.58	4.90	-1.682
train	3lq2	5.22	5.84	+0.618
train	2jg0	7.82	6.25	-1.568
train	3mv0	3.85	4.67	+0.820
train	1uvt	7.64	6.41	-1.235
train	5qay	3.23	5.06	+1.826
train	1csi	5.79	7.56	+1.764
train	2qwd	4.85	5.72	+0.872
train	1csj	6.23	5.42	-0.815
train	2cle	3.55	5.14	+1.592
train	1azm	7.40	5.41	-1.994
train	1pa9	4.60	5.95	+1.351
train	4b5s	3.49	4.07	+0.584
train	3t2w	7.46	6.56	-0.902
train	4o0y	7.22	5.77	-1.453
train	4cd5	6.71	5.73	-0.980
train	1bdq	6.34	7.16	+0.817
train	6g29	4.33	5.74	+1.414
train	6i13	5.12	6.56	+1.440
train	4y5d	5.92	5.37	-0.546
train	1l83	3.40	4.89	+1.487
train	2qbr	6.33	6.71	+0.377
train	1x38	8.77	6.08	-2.689
train	4gr8	7.83	6.42	-1.410
train	3t09	3.80	4.08	+0.276
train	3cyw	7.77	9.94	+2.168
train	2w8j	2.96	6.25	+3.291
train	3su0	6.79	7.09	+0.296
train	2nsj	4.79	6.22	+1.425
train	3ggu	9.77	9.88	+0.107
train	1stp	6.52	7.45	+0.921
train	1iep	6.01	8.63	+2.621
train	2r9x	4.85	5.60	+0.753
train	3f16	8.23	6.57	-1.659
train	3rf5	5.63	5.00	-0.630
train	3uw5	7.85	6.84	-1.010
train	6f92	6.40	5.04	-1.358
train	3pbb	7.02	6.02	-1.000
train	1n46	10.52	5.91	-4.614
train	1bju	4.80	5.64	+0.843
train	6nco	4.52	4.98	+0.459
train	2q89	6.30	5.43	-0.870
train	5ih9	8.70	5.40	-3.303
train	5i2f	6.49	6.00	-0.493
train	5yum	3.65	4.93	+1.279
train	4r0a	4.26	5.83	+1.575
train	1jys	3.52	4.82	+1.305
train	5eyr	5.30	6.84	+1.537
train	2uxi	7.30	6.12	-1.176
train	6oqb	10.30	8.75	-1.552
train	6e23	10.00	6.02	-3.975
train	4i8n	4.46	6.39	+1.935
train	4q9o	5.77	5.33	-0.438
train	5d0c	5.63	6.47	+0.841
train	4bs0	5.70	4.51	-1.193
train	2yz3	6.66	6.35	-0.311
train	1coz	6.09	6.26	+0.176
train	6dil	8.12	7.08	-1.041
train	1f73	2.39	5.23	+2.838
train	5ovr	4.57	4.98	+0.408
train	2vnp	9.92	4.65	-5.270
train	6eog	5.80	5.03	-0.768
train	3fur	8.00	6.60	-1.395
train	1crp	5.94	7.07	+1.135
train	5fog	3.67	6.27	+2.595
train	4f6u	6.15	6.50	+0.348
train	6hke	7.68	4.80	-2.882
train	4ea2	6.44	5.70	-0.738
train	5x74	8.64	6.44	-2.202
train	1csu	6.16	5.75	-0.405
train	2pwr	6.59	7.23	+0.637
train	6e5t	6.55	5.34	-1.211
train	5zg3	7.21	7.70	+0.491
train	4tjz	5.97	5.50	-0.467
train	6hlx	7.17	5.81	-1.361
train	6haz	7.00	4.11	-2.888
train	3vf7	9.10	9.74	+0.640
train	3d52	3.28	5.67	+2.386
train	4ej8	5.39	5.19	-0.197
train	3f15	8.10	7.47	-0.627
train	3djq	2.98	5.86	+2.878
train	6qgf	6.00	6.29	+0.289
train	4cc5	4.42	4.67	+0.247
train	2i0a	11.40	9.64	-1.756
train	1cry	6.30	5.73	-0.573
train	6dh8	9.84	9.89	+0.053
train	1cum	6.38	5.75	-0.628
train	2ves	7.70	5.77	-1.929
train	2vl4	6.01	5.00	-1.005
train	4dfg	11.74	10.88	-0.856
train	6p85	4.99	5.08	+0.090
train	3vf5	9.34	9.69	+0.350
train	1ai5	3.72	5.04	+1.316
train	2xbw	8.00	6.58	-1.415
train	6nzv	10.17	7.85	-2.318
train	4ljh	4.71	6.03	+1.318
train	5fyx	4.16	6.40	+2.244
train	5fe7	3.31	5.44	+2.129
train	1e66	9.89	6.40	-3.485
train	2f9k	7.07	4.33	-2.738
train	2w8w	2.12	6.44	+4.316
train	5nn6	5.52	5.87	+0.352
train	2pqz	5.67	7.28	+1.615
train	3jrx	9.00	6.69	-2.309
train	4xaq	7.14	4.94	-2.204
train	4q0k	4.87	4.08	-0.786
train	1ie9	10.19	5.84	-4.346
train	1oba	2.44	4.99	+2.554
train	3t2q	3.66	5.40	+1.743
train	3hcm	3.30	6.29	+2.989
train	5zg1	7.72	6.36	-1.362
train	3s54	9.64	9.86	+0.224
train	5ueu	7.78	6.87	-0.908
train	3nyd	3.48	4.46	+0.984
train	3fvl	6.07	6.07	+0.001
train	1cpi	7.11	7.77	+0.659
train	5j3l	4.80	5.90	+1.101
train	4u6c	5.00	5.60	+0.595
train	5ka1	4.48	4.67	+0.192
train	4avh	7.23	6.84	-0.386
train	3sue	9.08	7.80	-1.278
train	3gi4	10.80	9.26	-1.543
train	2hjb	4.39	6.01	+1.622
train	1a99	5.70	5.24	-0.461
train	2wbg	4.45	6.26	+1.808
train	5fck	8.22	6.48	-1.743
train	5ot9	4.07	5.36	+1.291
train	1csh	6.30	6.82	+0.519
train	2ri9	3.22	4.76	+1.544
train	6ep4	5.35	5.53	+0.181
train	5oei	5.80	5.26	-0.536
train	5yh8	6.78	5.22	-1.559
train	4j45	5.77	4.85	-0.924
train	3o84	7.24	6.02	-1.221
train	5h1t	3.80	5.41	+1.610
train	4u43	4.32	5.21	+0.885
train	4pb2	4.80	6.06	+1.259
train	3c2r	3.11	4.79	+1.677
train	2jgs	6.62	6.60	-0.015
train	5upj	7.12	5.88	-1.237
train	4w9i	5.96	6.69	+0.727
train	1moq	3.46	5.83	+2.367
train	1qk4	4.21	5.42	+1.209
train	1x39	9.22	6.31	-2.907
train	5my8	7.14	5.71	-1.433
train	1hpv	9.22	9.62	+0.398
train	1css	6.45	6.91	+0.457
train	1cuq	6.23	4.69	-1.544
train	1cps	6.09	6.70	+0.612
train	3cj4	6.51	6.35	-0.156
train	3n86	5.64	4.96	-0.678
train	2f8g	8.70	9.89	+1.185
train	1ps3	2.28	5.99	+3.715
train	2wc3	6.08	6.49	+0.406
train	4x8u	2.46	5.57	+3.111
train	1csz	6.01	6.36	+0.345
train	1ctq	6.01	6.47	+0.460
train	3wz6	5.96	5.50	-0.464
train	1ctm	5.94	5.76	-0.174
train	6d9x	3.49	5.70	+2.212
train	2ovy	8.40	5.55	-2.848
train	3umq	4.62	4.87	+0.255
train	3lzs	10.96	9.85	-1.109
train	5b5f	5.25	6.07	+0.819
train	2qnq	6.11	7.35	+1.236
train	3l0v	7.64	5.94	-1.704
train	4dhl	4.48	4.79	+0.311
train	1tmn	6.23	6.55	+0.318
train	1xgi	4.85	6.07	+1.221
train	2x91	6.74	7.25	+0.508
train	4bt5	2.76	4.26	+1.496
train	4avj	7.44	6.97	-0.467
train	5j7q	4.58	5.53	+0.952
train	186l	4.85	6.83	+1.979
train	6n3w	5.81	7.17	+1.359
train	5a5q	4.68	5.85	+1.172
train	3kdd	8.46	7.82	-0.637
train	3w5n	3.87	4.77	+0.901
train	2psu	7.62	9.99	+2.368
train	4pvx	6.76	5.35	-1.408
train	6f9g	5.70	5.37	-0.334
train	4bt3	3.12	4.26	+1.140
train	6arn	5.19	5.54	+0.348
train	5ufp	7.37	6.65	-0.722
train	3nu5	8.35	9.59	+1.241
train	4q1x	11.15	9.85	-1.298
train	3fql	7.15	6.14	-1.010
train	1nhu	5.66	6.94	+1.282
train	3zhx	6.68	4.97	-1.708
train	4b73	7.21	6.66	-0.551
train	4zyf	8.64	7.13	-1.512
train	2b4l	4.77	4.97	+0.196
train	5b25	10.24	7.02	-3.223
train	3v2n	6.10	5.45	-0.651
train	5yfs	4.86	5.22	+0.359
train	1atn	6.09	5.92	-0.168
train	4iie	2.34	4.45	+2.107
train	4zow	4.12	6.28	+2.161
train	6d1b	3.91	5.60	+1.688
train	1qbu	10.24	6.99	-3.253
train	1ctj	6.30	6.53	+0.223
train	3sww	8.40	6.58	-1.825
train	1k9s	6.52	4.91	-1.611
train	5ld8	8.05	7.45	-0.596
train	5u6j	7.64	6.98	-0.665
train	4x5z	7.63	7.08	-0.546
train	4qfp	4.23	4.77	+0.544
train	4s1g	9.22	7.14	-2.082
train	1m0o	2.31	5.11	+2.804
train	5edd	5.24	6.32	+1.076
train	1pzi	4.22	5.53	+1.310
train	1kmy	5.10	5.61	+0.511
train	6iht	5.21	5.60	+0.394
train	6d55	7.36	5.60	-1.760
train	4kqp	6.05	4.61	-1.436
train	2qdt	5.19	5.07	-0.118
train	3t1m	3.04	6.36	+3.324
train	2q7q	5.30	5.59	+0.294
train	4lko	8.22	6.36	-1.855
train	3ddg	6.00	7.74	+1.736
train	2cex	4.70	5.93	+1.227
train	6epa	5.95	6.65	+0.697
train	1m2x	4.15	5.33	+1.176
train	1hvj	6.45	8.82	+2.366
train	2vrj	6.30	7.34	+1.040
train	1srg	5.30	4.99	-0.313
train	3nuo	9.80	9.50	-0.296
train	3su3	9.13	7.92	-1.205
train	2hs1	8.48	9.86	+1.376
train	4aia	3.66	5.23	+1.571
train	4tpw	4.69	6.26	+1.567
train	6ayo	8.29	7.69	-0.602
train	5d2r	5.82	6.58	+0.760
train	1yqy	7.62	7.69	+0.068
train	4x8v	6.89	6.65	-0.242
train	5evd	5.00	5.82	+0.818
train	5zg0	7.09	6.51	-0.578
train	3nht	7.01	5.96	-1.053
train	4wkn	9.72	7.71	-2.007
train	2r43	6.00	7.61	+1.606
train	4kz4	4.15	5.62	+1.467
train	5tcj	7.38	6.16	-1.220
train	1hi3	4.19	5.63	+1.442
train	3vfa	9.19	9.76	+0.572
train	4a95	5.76	6.92	+1.157
train	4bkt	3.62	5.79	+2.174
train	5d45	6.92	7.63	+0.706
train	2vjx	4.96	6.25	+1.290
train	2fzk	3.60	5.57	+1.971
train	5nvx	7.05	6.54	-0.512
train	3e3c	5.62	5.63	+0.006
train	3ehy	5.85	6.54	+0.689
train	1jmg	6.07	6.17	+0.103
train	3p3r	7.25	5.36	-1.892
train	1cte	6.16	4.91	-1.248
train	5aba	2.98	5.14	+2.165
train	4n7u	6.29	5.84	-0.451
train	6ajr	4.31	4.79	+0.478
train	1os5	6.85	6.63	-0.225
train	4lzs	4.80	5.88	+1.083
train	5upe	8.05	6.69	-1.355
train	1cqp	6.30	5.38	-0.922
train	6d50	5.05	5.60	+0.547
train	4epy	3.47	6.42	+2.953
train	2qbq	7.44	6.71	-0.725
train	3u5l	6.19	6.25	+0.064
train	6dyy	10.55	8.82	-1.725
train	5w44	6.44	6.91	+0.473
train	1pgp	5.70	5.38	-0.321
train	3g35	4.68	4.84	+0.161
train	4crl	9.71	7.57	-2.141
train	4z0k	6.34	5.70	-0.640
train	3g2y	2.00	4.51	+2.509
train	3k8q	11.28	7.12	-4.156
train	2rkm	3.90	5.69	+1.792
train	1a1e	6.09	6.59	+0.503
train	4qfo	4.27	5.36	+1.091
train	1rnm	3.07	5.96	+2.894
train	1lgt	6.10	4.79	-1.306
train	3rlb	9.92	5.32	-4.600
train	4lm3	2.92	5.42	+2.495
train	6p8a	3.59	6.05	+2.463
train	4ghi	7.09	5.50	-1.593
train	3zj6	6.66	5.48	-1.182
train	4tu4	3.76	6.02	+2.264
train	4p5d	5.82	4.63	-1.192
train	1ajq	4.31	6.84	+2.532
train	4kwg	6.00	5.18	-0.819
train	3nx7	8.10	6.67	-1.435
train	5zyg	5.21	6.07	+0.863
train	6j0o	4.92	6.29	+1.374
train	6ayi	6.68	5.58	-1.100
train	2vo4	4.94	4.73	-0.213
train	2aac	2.22	5.06	+2.837
train	1ctz	6.38	5.74	-0.636
train	4c6u	4.59	5.44	+0.848
train	1olx	4.33	5.86	+1.534
train	3f19	7.19	5.72	-1.470
train	3d8z	3.37	5.96	+2.588
train	3ps1	10.17	7.67	-2.504
train	5nw1	6.60	6.44	-0.162
train	4av4	7.03	6.28	-0.753
train	1csn	6.16	5.80	-0.356
train	5m17	3.66	5.20	+1.543
train	1g2k	7.96	7.17	-0.786
train	6r1d	5.40	6.87	+1.468
train	3ip9	5.62	5.17	-0.448
train	1px4	3.23	4.19	+0.963
train	3e5u	5.85	5.44	-0.410
train	1kav	5.82	4.76	-1.063
train	3b5r	8.77	7.23	-1.536
train	6g2r	9.46	5.70	-3.761
train	2xd9	6.46	6.64	+0.177
train	4x50	7.75	6.20	-1.552
train	5jxq	8.15	5.76	-2.394
train	3rbu	9.43	5.05	-4.380
train	3jup	5.58	5.60	+0.023
train	1cpg	6.01	6.52	+0.510
train	2hb1	3.80	5.50	+1.698
train	1hee	5.34	6.34	+0.998
train	3b67	8.85	6.49	-2.365
train	5kej	5.11	6.04	+0.932
train	5e74	4.41	4.63	+0.219
train	6dyv	10.59	8.74	-1.854
train	3n7o	7.14	5.87	-1.268
train	6ge7	6.06	5.58	-0.483
train	4fxq	5.77	6.21	+0.442
train	1cbx	6.35	6.08	-0.270
train	5lsg	5.40	5.29	-0.108
train	4y0a	2.31	5.35	+3.038
train	1csv	5.94	5.75	-0.189
train	3zsq	4.96	7.64	+2.684
train	1fzq	7.62	6.05	-1.569
train	3wjw	3.87	5.78	+1.910
train	6gj6	4.70	5.96	+1.265
train	4bj8	8.29	6.52	-1.771
train	5m7s	9.05	5.80	-3.252
train	185l	3.54	5.11	+1.572
train	2vzr	4.28	5.01	+0.731
train	1cqi	6.16	6.01	-0.144
train	2jdu	6.72	4.91	-1.810
train	4c52	5.68	7.94	+2.262
train	6fhu	2.64	4.55	+1.911
train	6hgi	6.22	5.53	-0.693
train	1lgw	4.00	5.35	+1.349
train	4fai	6.99	6.39	-0.597
train	1coy	5.79	6.88	+1.084
train	6r18	4.92	6.52	+1.597
train	1b6l	8.30	6.89	-1.414
train	5dx4	6.86	5.69	-1.174
train	1lbf	7.85	5.89	-1.964
train	3f8c	7.68	5.39	-2.294
train	2ot1	4.00	5.01	+1.005
train	5kh3	4.22	5.64	+1.421
train	2ovv	7.92	5.66	-2.263
train	3zso	5.12	6.63	+1.509
train	2j47	5.41	6.73	+1.315
train	4zae	8.44	6.17	-2.271
train	3b7j	5.17	4.60	-0.569
train	1fkg	8.00	7.51	-0.494
train	5cp5	5.91	5.67	-0.237
train	1cil	5.57	6.73	+1.154
train	6n79	9.68	5.57	-4.109
train	4pqa	5.55	5.42	-0.126
train	1crz	5.94	5.54	-0.400
train	2hah	8.00	8.94	+0.938
train	2o8h	7.60	5.36	-2.237
train	4tkh	5.74	5.23	-0.513
train	3o9e	11.30	10.12	-1.177
train	6gfs	6.54	5.57	-0.974
train	4tte	3.69	5.03	+1.341
train	4rsk	4.32	5.95	+1.629
train	6g2f	5.17	4.22	-0.949
train	5kr1	9.49	10.81	+1.316
train	6dz2	8.85	10.08	+1.233
train	6d1d	4.47	4.41	-0.056
train	6e1z	3.82	5.27	+1.453
train	5m7u	8.10	7.39	-0.710
train	4yc0	4.13	4.70	+0.567
train	2sim	3.42	5.95	+2.526
train	4re2	4.98	5.66	+0.678
train	6d5h	6.92	6.11	-0.812
train	1csw	6.38	5.74	-0.636
train	6ma2	5.39	5.04	-0.352
train	5g1z	5.32	5.09	-0.233
train	4nra	4.19	6.37	+2.182
train	1qbs	9.47	6.60	-2.869
train	1tcx	6.95	7.11	+0.164
train	1cty	6.01	5.76	-0.252
train	3uxd	4.41	4.44	+0.031
train	3m3z	5.73	6.51	+0.778
train	3o75	6.68	6.03	-0.645
train	2zy1	7.40	6.48	-0.920
train	1axo	5.43	5.39	-0.032
train	3dx2	6.82	4.72	-2.101
train	4u8w	11.24	10.69	-0.552
train	4i7m	4.14	5.37	+1.232
train	1cqj	5.94	6.02	+0.082
train	1yvm	6.40	4.85	-1.547
train	3pgu	6.70	5.63	-1.071
train	2wvt	6.12	5.27	-0.848
train	3gta	4.28	7.37	+3.093
train	6t1j	4.74	6.56	+1.822
train	2d3u	6.92	6.42	-0.499
train	3g30	2.51	6.78	+4.269
train	4cfl	5.88	5.95	+0.068
train	4i71	7.74	5.70	-2.040
train	4kwf	4.82	6.86	+2.036
train	1a9q	6.17	4.80	-1.373
train	3p3t	7.24	6.05	-1.191
train	1bra	6.01	5.74	-0.276
train	6r1a	4.35	5.89	+1.538
train	1nja	6.31	6.39	+0.080
train	3k8o	11.07	5.01	-6.055
train	6d1h	3.72	4.66	+0.944
train	1r9l	5.40	4.84	-0.562
train	3nq3	3.78	5.61	+1.828
train	5k1f	4.79	5.54	+0.755
train	1cot	5.94	5.76	-0.175
train	6qlq	4.51	4.47	-0.042
train	3fx6	6.80	5.82	-0.985
train	5cep	6.84	6.01	-0.829
train	3ttp	9.12	9.95	+0.825
train	1ws1	9.55	8.53	-1.022
train	3ejq	8.57	7.35	-1.219
train	1fm9	9.00	7.97	-1.029
train	4w9c	4.65	7.05	+2.395
train	3a6t	7.28	6.07	-1.205
train	5bs4	11.00	10.70	-0.300
train	1cup	6.74	4.54	-2.209
train	2fu8	4.70	5.26	+0.559
train	1csm	6.01	5.72	-0.294
train	2vb8	4.60	3.74	-0.864
train	4u71	5.22	5.26	+0.039
train	4jxs	4.74	6.85	+2.112
train	4dzy	5.62	5.99	+0.366
train	2q8z	5.68	4.78	-0.895
train	1csx	6.09	5.76	-0.328
train	1uz1	6.89	6.50	-0.388
train	4ayp	6.12	4.89	-1.225
train	4lm1	3.23	5.32	+2.092
train	4y3j	2.17	5.81	+3.640
train	3pck	6.70	4.63	-2.067
train	1phw	3.30	6.02	+2.722
train	3ao4	2.07	5.83	+3.763
train	2j7e	7.32	5.74	-1.581
train	6n7b	9.22	6.75	-2.469
train	5lz7	6.28	6.60	+0.322
train	5zyl	7.06	6.58	-0.480
train	5mro	5.70	6.47	+0.769
train	3pgl	5.30	6.78	+1.476
train	2buv	4.00	4.88	+0.885
train	5epn	8.66	7.12	-1.540
train	3gvb	2.59	5.46	+2.866
train	2i80	5.40	5.76	+0.356
train	5ko5	4.57	4.89	+0.322
train	3gst	6.72	6.55	-0.173
train	5dbm	6.46	5.39	-1.069
train	1crr	6.09	7.06	+0.974
train	6e9a	11.92	9.66	-2.255
train	4k7o	4.30	4.75	+0.448
train	3acx	5.70	6.75	+1.053
train	2xp7	5.77	5.66	-0.107
train	5yft	5.00	5.18	+0.179
train	2zcq	8.82	6.90	-1.920
train	1cqx	5.94	6.57	+0.627
train	6d5j	6.34	6.86	+0.518
train	1ecq	3.00	5.35	+2.345
train	4q4q	5.79	5.38	-0.415
train	4yrd	4.57	4.83	+0.256
train	5dh5	9.64	7.49	-2.152
train	4q4p	6.39	5.51	-0.881
train	4ceb	2.97	9.70	+6.729
train	6dy7	4.18	6.48	+2.303
train	4fht	6.17	4.85	-1.317
train	4yzu	5.05	5.59	+0.537
train	6ht1	7.11	7.45	+0.341
train	2whp	4.00	5.34	+1.340
train	2jfz	5.24	7.15	+1.907
train	5zym	5.77	6.72	+0.951
train	4ly9	8.15	7.41	-0.735
train	4r4c	5.54	7.07	+1.533
train	1ndw	5.23	5.84	+0.612
train	2oym	5.00	5.94	+0.937
train	2yek	7.21	7.01	-0.198
train	5ceq	7.38	5.99	-1.385
train	1crg	5.87	5.77	-0.098
train	2hzl	6.57	4.33	-2.244
train	5edc	7.66	6.28	-1.375
train	1lee	7.74	8.89	+1.152
train	1lbk	3.18	4.94	+1.764
train	5qqp	8.28	6.59	-1.693
train	4iif	5.18	5.16	-0.015
train	3cd7	7.84	6.12	-1.716
train	6ayr	8.39	8.39	+0.002
train	1ciw	6.38	5.40	-0.982
train	5eq1	4.68	4.92	+0.242
train	3wzn	7.00	6.53	-0.469
train	3pwk	3.35	4.81	+1.463
train	3n2v	7.51	6.54	-0.966
train	2r38	7.44	7.22	-0.222
train	5wuk	7.85	6.75	-1.105
train	1a30	4.30	6.24	+1.938
train	1o0f	5.30	5.49	+0.194
train	1cqd	6.45	5.39	-1.058
train	3zi0	7.40	4.46	-2.936
train	5fs5	6.69	6.83	+0.139
train	5d0r	6.37	4.72	-1.654
train	4ymq	5.80	6.56	+0.757
train	6ced	5.82	6.20	+0.379
train	2za0	6.64	5.13	-1.510
train	5eqy	8.00	5.78	-2.217
train	6qlr	4.82	4.40	-0.415
train	6rnt	2.37	5.68	+3.312
train	5nvw	6.77	6.43	-0.342
train	4kz6	3.10	5.07	+1.973
train	4qpd	7.82	6.04	-1.778
train	2xc4	8.05	6.78	-1.273
train	2flr	6.10	5.78	-0.318
train	5vh0	4.52	5.02	+0.501
train	1cgo	6.52	5.69	-0.833
train	1b8y	7.85	7.65	-0.201
train	4cst	8.89	5.90	-2.990
train	6jay	5.70	7.10	+1.396
train	6d1k	3.13	5.01	+1.875
train	1e6q	3.15	5.19	+2.044
train	5hvt	7.26	5.79	-1.474
train	5xo7	6.36	4.65	-1.706
train	5jfu	8.07	11.36	+3.294
train	1cet	2.89	7.19	+4.301
train	2vwo	7.51	6.89	-0.619
train	4bt4	3.34	4.28	+0.938
train	5e2o	8.70	5.27	-3.427
train	4y4j	2.47	5.02	+2.546
train	6p88	4.52	5.61	+1.090
train	4o0x	7.17	4.86	-2.307
train	3f78	3.10	4.48	+1.380
train	4gu6	7.36	6.19	-1.169
train	3mf5	5.36	7.45	+2.093
train	3sm2	9.70	9.57	-0.129
train	1cqs	6.38	5.64	-0.737
train	3acw	4.76	6.02	+1.259
train	6jbb	5.99	6.52	+0.534
train	5y12	6.23	6.18	-0.052
train	2jdp	6.60	4.89	-1.705
train	1cbs	6.16	5.48	-0.675
train	1ogx	6.09	5.54	-0.547
train	1crb	6.30	4.94	-1.367
train	2clh	4.06	5.63	+1.571
train	2r3t	5.85	7.30	+1.451
train	4djq	10.32	10.14	-0.176
train	6pg3	3.32	6.10	+2.781
train	3hky	7.10	6.83	-0.274
train	1v11	3.98	5.78	+1.801
train	4ufi	6.20	5.22	-0.980
train	3cm2	6.47	6.74	+0.267
train	5dqf	3.60	6.49	+2.887
train	5mrm	5.03	4.86	-0.165
train	1cpe	5.72	6.51	+0.796
train	6fo5	6.72	7.58	+0.857
train	6d17	4.82	4.67	-0.150
train	3f3c	6.02	5.61	-0.414
train	3djv	4.55	5.85	+1.296
train	6jap	4.80	6.54	+1.739
train	1cqb	6.23	6.23	-0.003
train	6py0	6.41	5.87	-0.544
train	4y2q	2.92	5.11	+2.193
train	3p8p	4.55	6.53	+1.982
train	4fxp	4.09	5.63	+1.540
train	3gc4	7.60	6.19	-1.413
train	1rr6	10.25	6.20	-4.053
train	1ui0	7.06	4.81	-2.253
train	1c84	5.00	5.09	+0.091
train	2yel	7.28	7.09	-0.188
train	3b3x	3.60	4.70	+1.099
train	3s45	8.49	9.63	+1.138
train	3th9	7.70	8.02	+0.319
train	5otc	4.71	6.51	+1.797
train	2r9w	5.10	4.99	-0.109
train	3lk8	7.71	6.45	-1.261
train	3kmc	6.40	6.22	-0.179
train	5oht	6.02	5.56	-0.458
train	4ynb	10.37	7.64	-2.725
train	1ajx	7.91	7.03	-0.876
train	6dif	10.72	6.90	-3.819
train	1aid	4.82	6.42	+1.601
train	6qlt	4.04	5.00	+0.958
train	3nzk	9.27	6.43	-2.842
train	3o9p	6.52	5.70	-0.824
train	4wrb	6.19	5.67	-0.520
train	2jjb	7.92	5.95	-1.975
train	6r0v	4.96	5.93	+0.975
train	3b65	9.27	6.33	-2.940
train	4bps	2.99	5.13	+2.140
train	4ra1	5.94	5.39	-0.545
train	2dri	6.89	6.00	-0.886
train	3mjl	2.44	4.58	+2.143
train	3alt	2.92	5.72	+2.797
train	4wko	9.47	8.46	-1.012
train	5evk	4.92	5.40	+0.483
train	3f34	3.16	5.31	+2.155
train	1j01	6.47	5.77	-0.704
train	6gl8	8.61	5.68	-2.933
train	1crj	5.94	5.76	-0.175
train	2doo	7.17	6.16	-1.015
train	4f6w	7.52	6.38	-1.138
train	5eqp	5.40	6.09	+0.687
train	4k55	5.51	5.33	-0.184
train	5bwc	7.21	7.53	+0.323
train	3usx	5.02	5.45	+0.432
train	4b6p	7.13	5.97	-1.161
train	1acm	6.89	5.85	-1.043
train	1mrx	7.26	7.87	+0.607
train	1cpw	6.01	6.41	+0.403
train	6jag	4.50	6.55	+2.047
train	3ppq	4.55	5.07	+0.515
train	4css	8.46	6.38	-2.078
train	6cn5	7.70	6.73	-0.971
train	3st5	11.30	10.60	-0.702
train	3ovn	2.55	5.32	+2.770
train	1f74	3.05	6.09	+3.041
train	2reg	5.64	4.97	-0.671
train	2a4m	4.52	4.60	+0.084
train	4k7i	2.82	4.70	+1.877
train	2zz2	4.54	5.90	+1.358
train	1c83	4.85	5.14	+0.291
train	4zei	5.88	5.67	-0.211
train	3mxd	8.83	9.25	+0.424
train	5ka7	4.35	4.72	+0.369
train	3nox	8.66	6.14	-2.520
train	3sjf	7.64	5.92	-1.718
train	6ckr	7.30	5.84	-1.463
train	2yb0	3.85	6.31	+2.456
train	1bp0	5.40	6.19	+0.795
train	3o5x	5.28	6.78	+1.503
train	3u90	4.62	6.68	+2.061
train	2o4l	9.22	6.89	-2.328
train	1o5r	8.12	6.66	-1.462
train	4kz3	2.77	5.38	+2.613
train	1ajp	2.23	5.02	+2.789
train	3zm9	7.42	7.22	-0.197
train	2qi7	10.21	9.61	-0.604
train	3kdb	9.85	7.32	-2.525
train	1eld	6.70	6.22	-0.477
train	3dzt	7.22	5.57	-1.646
train	3u9q	4.38	5.47	+1.091
train	6jbe	4.70	5.14	+0.440
train	5yjm	7.68	7.80	+0.117
train	5u0z	6.19	6.72	+0.528
train	1n51	4.85	6.79	+1.938
train	3nhi	8.43	5.71	-2.723
train	1add	6.74	5.83	-0.907
train	4k3h	6.85	5.14	-1.706
train	1ogz	5.85	5.60	-0.246
train	6i8y	6.74	5.37	-1.370
train	4cig	3.67	6.36	+2.694
train	3pcj	7.22	4.63	-2.587
train	5wqc	8.96	5.86	-3.100
train	5f08	5.52	5.74	+0.218
train	3lka	2.82	6.17	+3.351
train	3f37	2.62	4.84	+2.219
train	5c28	5.66	5.93	+0.275
train	2h4g	6.52	5.75	-0.773
train	6b4u	7.68	6.34	-1.343
train	6q4e	3.46	4.72	+1.263
train	1km3	4.91	5.63	+0.719
train	3sfg	6.06	5.63	-0.426
train	5d47	7.00	7.23	+0.232
train	4bb9	6.00	5.59	-0.407
train	1elc	6.66	5.93	-0.730
train	1k4g	5.85	4.73	-1.124
train	6d16	5.08	5.54	+0.456
train	2aj8	6.20	6.59	+0.389
train	2gj5	8.32	6.60	-1.717
train	1cri	6.16	6.45	+0.289
train	5ult	10.85	10.83	-0.021
train	2qnp	6.41	7.47	+1.055
train	4z07	7.99	5.93	-2.062
train	3b92	8.00	6.43	-1.572
train	3cd5	7.90	9.37	+1.470
train	5y13	5.94	6.19	+0.247
train	6qqu	5.30	5.21	-0.090
train	4crb	7.57	6.57	-0.997
train	2v2q	4.15	6.16	+2.013
train	3ttm	8.52	5.22	-3.298
train	3phy	6.74	7.14	+0.399
train	1pzp	3.31	5.85	+2.537
train	5lne	4.76	5.59	+0.835
train	1cth	6.23	6.39	+0.156
train	6cwh	7.54	4.50	-3.041
train	5vp9	8.99	6.62	-2.368
train	2qi6	10.57	9.18	-1.393
train	3td4	5.66	5.23	-0.431
train	6pi6	5.66	5.54	-0.122
train	3vw1	4.67	5.29	+0.619
train	3x00	9.08	6.30	-2.780
train	1x8r	6.12	6.52	+0.396
train	4bc5	4.60	5.29	+0.686
train	2gvj	9.52	6.90	-2.618
train	5nap	7.95	6.48	-1.465
train	3p8o	8.72	6.87	-1.854
train	6p89	5.01	5.70	+0.692
train	2xc0	6.72	6.69	-0.035
train	3pce	2.00	5.04	+3.037
train	6o0o	7.44	5.88	-1.557
train	1hms	6.37	5.49	-0.880
train	4kif	4.84	5.69	+0.847
train	2pwg	4.82	5.38	+0.564
train	5ohy	5.17	5.16	-0.011
train	1met	9.40	6.61	-2.786
train	2ceq	7.28	5.41	-1.865
train	6o5t	6.50	4.44	-2.064
train	1c86	4.70	5.10	+0.399
train	6nyv	6.51	8.63	+2.119
train	6j9w	5.13	5.16	+0.032
train	5oh4	4.55	4.92	+0.369
train	4pnu	4.89	7.37	+2.479
train	2bz6	7.09	6.78	-0.312
train	3g3r	6.48	4.43	-2.053
train	6ayt	8.85	7.64	-1.205
train	2i19	7.80	5.29	-2.506
train	6fnq	4.59	7.61	+3.022
train	1bjv	5.54	5.61	+0.073
train	2mas	7.52	6.74	-0.778
train	1uj5	3.05	5.03	+1.981
train	6qpl	7.04	5.95	-1.092
train	5kax	6.11	5.90	-0.211
train	4qge	9.30	6.45	-2.855
train	4i8w	10.90	8.27	-2.626
train	1hwr	8.33	6.82	-1.512
train	5ufr	8.70	6.64	-2.063
train	4r3w	3.00	5.71	+2.706
train	3ekp	8.89	9.52	+0.630
train	3pb8	5.24	5.09	-0.152
train	1o7o	4.49	5.74	+1.250
train	6dak	5.14	6.69	+1.549
train	2qi5	10.85	9.07	-1.782
train	4kwo	6.45	5.94	-0.514
train	6d1g	4.47	4.72	+0.247
train	1xbo	6.04	5.09	-0.946
train	2i4j	6.16	6.96	+0.799
train	5cy9	6.66	6.56	-0.097
train	4kyh	5.92	5.59	-0.327
train	5ehv	3.08	5.10	+2.016
train	5edl	8.35	4.88	-3.467
train	6ftp	5.82	6.70	+0.879
train	3gk1	4.10	6.90	+2.803
train	6exs	3.44	5.49	+2.052
train	1ctr	6.45	5.89	-0.559
train	3wz7	5.74	5.85	+0.107
train	3l4w	6.00	6.06	+0.063
train	6pg5	4.96	7.06	+2.100
train	1nl9	5.96	6.21	+0.252
train	5jgi	4.30	5.70	+1.404
train	1cpu	6.52	5.46	-1.067
train	2f2h	5.70	6.42	+0.721
train	2jf4	8.15	5.45	-2.700
train	5fe9	4.68	6.03	+1.349
train	4aqh	6.54	6.08	-0.465
train	5var	4.09	6.38	+2.294
train	4leq	6.54	5.70	-0.839
train	6s4n	6.79	7.48	+0.690
train	4xoc	8.52	6.62	-1.902
train	3vd4	4.82	4.41	-0.411
train	1cur	6.45	3.78	-2.669
train	2j7b	6.62	5.75	-0.875
train	3zq9	6.02	5.24	-0.781
train	1rql	2.75	4.93	+2.178
train	1jvu	5.15	5.97	+0.819
train	6ej2	7.80	5.76	-2.043
train	1ado	6.00	3.35	-2.649
train	2zwz	7.79	5.26	-2.534
train	2zz1	4.54	5.68	+1.141
train	6iez	6.52	6.38	-0.138
train	3spf	3.86	7.89	+4.029
train	5exn	7.64	6.66	-0.982
train	4hw3	6.49	6.90	+0.412
train	4oc3	8.28	5.94	-2.343
train	4ual	8.40	5.79	-2.606
train	4pv5	6.54	5.82	-0.717
train	5evb	5.00	5.40	+0.404
train	4kxn	6.10	6.61	+0.514
train	3el5	7.72	8.23	+0.515
train	4l51	3.00	5.31	+2.311
train	2tsc	6.30	7.74	+1.432
train	4n5d	3.22	5.12	+1.903
train	4umb	4.00	5.30	+1.298
train	2qci	8.34	9.98	+1.639
train	1iy7	6.19	6.56	+0.370
train	3hkw	8.64	6.12	-2.516
train	6e5l	7.18	6.29	-0.891
train	5gj9	4.99	4.47	-0.523
train	1no6	4.41	5.12	+0.708
train	3w9k	6.32	5.56	-0.762
train	1dmp	9.55	6.77	-2.783
train	2yfe	6.63	5.70	-0.928
train	4wn5	7.41	5.42	-1.985
train	5hvs	7.15	6.84	-0.305
train	3wz8	5.82	5.57	-0.251
train	3qbc	4.97	5.17	+0.199
train	5z66	6.69	5.39	-1.302
train	6cbf	5.17	5.78	+0.611
train	1cra	6.67	4.78	-1.887
train	1cpr	6.96	6.38	-0.581
train	5qa8	3.77	5.08	+1.306
train	4og4	6.02	7.05	+1.033
train	1wcq	6.26	5.54	-0.725
train	6gvz	6.40	5.63	-0.773
train	4ndu	2.74	5.26	+2.524
train	1cpf	6.30	6.47	+0.170
train	1yq7	7.09	5.33	-1.764
train	3nu4	8.82	9.60	+0.782
train	1uz4	3.40	6.55	+3.154
train	4mpn	6.62	5.88	-0.744
train	4b6r	5.85	7.09	+1.243
train	4m0f	8.77	5.03	-3.737
train	1fkw	5.05	5.52	+0.469
train	3zsy	3.23	5.56	+2.331
train	1s39	7.70	5.59	-2.106
train	4gqq	2.89	5.25	+2.357
train	6dz0	9.03	8.96	-0.073
train	6t1m	5.21	6.05	+0.843
train	1csa	6.23	6.46	+0.229
train	5wa8	6.23	5.86	-0.369
train	4luz	4.70	7.41	+2.714
train	2zcs	8.22	7.03	-1.192
train	5hwv	5.07	5.33	+0.259
train	2y5f	8.70	6.08	-2.620
train	5t19	4.49	5.05	+0.557
train	3d4z	4.89	5.35	+0.460
train	1d7i	3.60	4.66	+1.063
train	1csc	6.38	6.83	+0.455
train	6udi	10.00	9.23	-0.768
train	1bmm	5.79	7.69	+1.903
train	5dgu	11.35	10.15	-1.203
train	1cqf	5.72	5.37	-0.343
train	4tun	5.41	4.93	-0.481
train	1bq4	5.22	5.00	-0.219
train	1f8d	3.40	5.62	+2.220
train	5ost	4.56	5.49	+0.927
train	5dxt	9.70	6.69	-3.013
train	4dst	2.96	4.95	+1.988
train	4eb8	9.82	7.97	-1.846
train	2y8c	6.40	5.72	-0.675
train	6pi5	6.96	4.51	-2.448
train	6ncn	3.05	5.19	+2.137
train	4wov	7.14	5.75	-1.390
train	3r6u	4.52	4.84	+0.324
train	4urz	2.52	6.09	+3.571
train	6k04	8.04	6.39	-1.652
train	5g5f	5.28	5.10	-0.179
train	3ui7	9.00	6.06	-2.944
train	3lea	9.10	5.68	-3.416
train	5hz5	7.07	6.00	-1.068
train	1li2	4.04	5.47	+1.432
train	6e1y	7.66	5.68	-1.977
train	4kn1	6.84	5.43	-1.408
train	6n78	9.68	5.90	-3.778
train	4ipi	5.32	4.70	-0.625
train	2wyj	9.00	9.02	+0.016
train	1cpt	5.72	6.45	+0.731
train	1tq4	6.19	6.03	-0.161
train	3v3q	6.60	5.49	-1.113
train	5a81	5.54	6.22	+0.680
train	1cul	6.09	6.60	+0.519
train	3ppp	5.22	5.05	-0.174
train	4xtv	9.27	6.78	-2.488
train	4mhy	6.47	6.12	-0.347
train	4ih5	4.11	5.22	+1.110
train	1bbu	6.74	6.47	-0.279
train	4ggz	10.18	6.32	-3.856
train	4cra	7.22	6.22	-1.004
train	4u6w	4.21	5.15	+0.938
train	4b6o	7.00	7.03	+0.026
train	6qqv	4.92	4.94	+0.017
train	1cja	6.74	5.50	-1.244
train	3su4	6.26	8.27	+2.014
train	5kr0	9.15	9.55	+0.403
train	1q1g	8.57	6.88	-1.692
train	5od1	5.96	5.97	+0.015
train	4us3	5.32	4.97	-0.352
train	6dh7	9.88	10.28	+0.397
train	3rt8	6.35	5.56	-0.793
train	5fsc	2.36	5.58	+3.220
train	6fba	4.70	5.05	+0.348
train	1li6	3.80	5.54	+1.737
train	4dkq	6.60	6.37	-0.234
train	5n17	5.32	6.91	+1.594
train	4f3k	10.16	7.77	-2.389
train	2y81	8.70	8.70	+0.000
train	1cmp	6.16	6.51	+0.349
train	3n7a	3.70	6.46	+2.757
train	5igm	7.38	5.64	-1.738
train	1v1m	3.94	5.76	+1.820
train	3t0b	4.30	4.21	-0.090
train	1xap	8.70	4.66	-4.044
train	6euw	7.77	6.63	-1.137
train	2uz9	5.71	4.78	-0.932
train	5nau	7.52	7.30	-0.216
train	6upj	6.32	5.93	-0.385
train	1ctu	5.94	6.33	+0.391
train	4i74	6.72	5.73	-0.994
train	4ih7	5.24	6.06	+0.818
train	3tsk	7.17	6.41	-0.763
train	4e9u	5.82	6.54	+0.721
train	4ibf	4.43	6.09	+1.661
val	2gz2	5.22	5.55	+0.327
val	5l30	9.14	6.01	-3.133
val	1mes	7.70	6.72	-0.981
val	5avf	5.49	4.86	-0.626
val	1q91	4.15	6.03	+1.881
val	6j0g	5.64	4.40	-1.243
val	1v48	7.80	5.84	-1.961
val	6mg5	4.69	5.02	+0.329
val	6b4n	10.55	9.62	-0.926
val	5ovx	4.50	5.03	+0.533
test	3f33	3.34	5.41	+2.073
test	2o4j	10.10	6.71	-3.394
test	1ctw	6.09	4.75	-1.335
test	5hrw	5.48	5.68	+0.200
test	4g0p	3.01	5.83	+2.820
test	4ibd	3.67	5.91	+2.243
test	3f80	4.22	5.32	+1.102
test	4uye	8.02	5.29	-2.731
test	2qzr	7.26	5.25	-2.012
test	5v79	6.41	6.27	-0.135
